,id,twotheta,intense,label
0,0,"[4.604418635954245, 4.02425068672064, 1.1398998633366424]","[2.2295808622853444, 1.6701996310983396, 1.0650036410119932]",1
1,1,"[4.989121633656144, 2.6768148699300784, 3.759063725170937]","[3.6602586759541373, 2.2606772247719995, 4.684292275980484]",1
2,2,"[1.9291917403873948, 2.0369233062102157, 2.8984979423895623]","[3.719929081294703, 1.926820385576979, 4.51768405356664]",1
3,3,"[4.9544446412968615, 1.5947825931630444, 1.9248600927873207]","[3.5380502708125907, 3.588340782523679, 1.9587269687256228]",1
4,4,"[2.586258138290163, 1.8380658739850748, 4.7322120853476335]","[2.5824051029704966, 3.246239686348169, 3.1220765771955397]",1
5,5,"[2.3195464356114375, 1.5698206372031964, 3.0659162390566266]","[3.447283686406846, 3.079373351225229, 3.6461577883179257]",1
6,6,"[1.331807236901088, 4.648247410128086, 3.709099041472101]","[1.9235801251175415, 1.1771595904120473, 1.678391318367698]",1
7,7,"[4.100635974744154, 2.1602259967575566, 4.335757721935667]","[4.911318290242381, 1.644816992397618, 3.0318531895962613]",1
8,8,"[4.324973979048807, 1.4858215760347644, 4.611222287666589]","[3.6499082970996213, 1.8261463746893796, 1.4801594451198055]",1
9,9,"[2.294626730337376, 3.7602259480044093, 4.270736785977277]","[3.2980547092699366, 3.5243095560896602, 1.761460330485627]",1
10,10,"[4.444814484259254, 3.60360829473771, 4.261697418745313]","[2.6665925678652656, 2.876378537463089, 3.8399608341581803]",1
11,11,"[3.6429041854391113, 3.0765499144461512, 4.663081344911497]","[3.2812353650760855, 2.0540386882408668, 1.5410101253933117]",1
12,12,"[4.346483763646498, 2.82066555633864, 2.4066048142427436]","[2.0827676369795505, 1.6289979654717839, 4.151398167747168]",1
13,13,"[1.6020184879085222, 3.379792505398547, 4.90663162028123]","[1.2404826610473139, 2.3179827874445498, 1.3646399447882422]",1
14,14,"[1.355685790322799, 2.1912411854668457, 1.1334448545923128]","[1.7367033273112202, 3.069110766949713, 2.3692707184856445]",1
15,15,"[2.5272920651210633, 2.149249220028512, 2.6633147089277696]","[2.8171596321113923, 2.6324572631068826, 1.9634795418647095]",1
16,16,"[3.655926434158216, 3.4571459283999286, 3.8752933383779515]","[3.591408804877756, 4.8620809984649505, 4.5948969287088435]",1
17,17,"[2.7732830785183955, 2.0938030590561216, 4.092461143624954]","[3.508845195914259, 2.765461931607406, 1.2139495979201715]",1
18,18,"[2.3326722992312328, 3.4888033994264553, 1.2268880767343084]","[4.604457140257447, 1.0015790422094213, 2.0406519639776266]",1
19,19,"[3.569636339311383, 2.656600945985572, 1.3295078422402393]","[2.9270411556310516, 4.479561222008439, 3.4560132483557537]",1
20,20,"[1.7446667832891745, 1.7823451842229998, 2.1900347204274206]","[4.8337591134767806, 2.778817571515962, 2.9771688374462912]",1
21,21,"[2.395708783117267, 1.500069966349642, 2.6066197725395734]","[1.6337633183825315, 1.4783882179666032, 4.690909428906332]",1
22,22,"[4.200337492037729, 4.219641413838634, 3.4669203911922493]","[3.1560458661105555, 4.57502577036195, 4.714208646501836]",1
23,23,"[2.2585894398800903, 4.68672510463413, 1.901240232299111]","[3.5625401355233137, 2.7399206674172314, 1.3978588031728552]",1
24,24,"[3.3758781719657507, 2.547874225848592, 1.1706950439114063]","[2.962711375614096, 2.066720094982451, 2.7438569557772254]",1
25,25,"[2.5424381905225033, 4.819419164304891, 2.8471261978984574]","[4.6142134592171296, 3.082391489926737, 1.1481061218548039]",1
26,26,"[3.0451998780817733, 4.889572479134321, 1.8901639655255114]","[2.7997377202535905, 4.238603937318693, 3.029539709754264]",1
27,27,"[3.1421653292210405, 1.4141696086955693, 3.197564434474437]","[2.1876053540919624, 1.824188082209004, 4.948584132129799]",1
28,28,"[1.5250286802050317, 2.7061261021189984, 4.751740164815395]","[2.5765325295496697, 4.954017556236584, 1.9679536495776322]",1
29,29,"[4.771390395381106, 2.357038795049434, 4.600062827667422]","[1.2980806206607536, 4.586679813027502, 4.64358780906408]",1
30,30,"[4.069235854478935, 4.08961669541888, 4.10676870840745]","[1.7924164958535709, 1.3731250526727257, 4.731864847461814]",1
31,31,"[4.128938392010166, 1.5312300330702233, 2.342509116733487]","[1.169014241268962, 4.849506105774696, 1.3507341205005408]",1
32,32,"[4.518446679670675, 3.8156918151770456, 2.141118189778593]","[2.5855277538581394, 2.2887588105277716, 4.413019508662794]",1
33,33,"[1.7554299312822117, 3.5104274877758894, 3.8627664400523547]","[2.460628148929435, 1.3165305155909954, 2.8402513849464315]",1
34,34,"[2.3332222279564623, 2.062508858162574, 4.630768811763112]","[4.127675118079981, 3.1436715834179454, 1.3083442106032264]",1
35,35,"[3.2288852751905552, 3.04514376031368, 2.9434509025083266]","[4.530268461424512, 4.568112230805611, 3.322538100545594]",1
36,36,"[3.0232908740024, 1.692464625864531, 1.5081987030369222]","[2.3179627464360584, 4.894935339511566, 1.473001560473619]",1
37,37,"[2.810060292062408, 1.6982001083487477, 1.943343886989494]","[2.829351281195963, 1.0791450663356827, 4.268405631995586]",1
38,38,"[1.046497080798968, 4.714883819194393, 4.692613544166502]","[2.9539452331385467, 1.0828761266366618, 2.081292875847278]",1
39,39,"[3.1288161442196034, 2.1484048090894787, 3.7864098388220935]","[2.406208401309036, 3.1344394288131103, 1.833366248910428]",1
40,40,"[4.835851343257912, 1.2202346565367987, 2.424107172304424]","[4.43422495152037, 2.709876055783699, 3.819473260990948]",1
41,41,"[2.799405605321253, 3.6171033524142557, 2.7228495304284657]","[1.7301401888621308, 4.093037482488839, 2.32957214593958]",1
42,42,"[4.178026603308693, 3.175224972433601, 1.7132065535205339]","[1.300421168662115, 3.076217165318693, 3.005697043986135]",1
43,43,"[2.9250782270542106, 2.6184424293229385, 3.5807149163247423]","[3.1823015685125475, 3.383974801041997, 1.3575116729246877]",1
44,44,"[1.5812535856071905, 4.30431245777181, 2.988774625331287]","[3.7492706861403247, 3.6418241581671755, 2.0869425268488504]",1
45,45,"[3.13924684800048, 4.793914667143063, 1.427650756325868]","[1.6849710123463328, 2.2044081836367124, 2.369466483465017]",1
46,46,"[2.439752147309795, 1.9022461699801987, 4.2374275564111645]","[4.487741991436889, 1.2412134507426793, 1.6088373239214673]",1
47,47,"[3.746837139601419, 3.071637535148458, 4.63507545535197]","[2.919403499922774, 2.453505592590689, 3.8516446558848414]",1
48,48,"[1.8943538784177454, 1.4512997396751155, 2.1448731899430946]","[1.1746101401811888, 1.8887890783131, 2.995887612236704]",1
49,49,"[3.6330906888627554, 3.557693157199839, 4.76489901292869]","[4.215165200773064, 3.1218890157177968, 4.367542464374948]",1
50,50,"[3.300773863742855, 3.516676411120468, 4.543056230238965]","[2.6389311231978643, 4.1117087096162015, 2.065274220494427]",1
51,51,"[3.386361011684057, 2.0822160380869703, 4.050350361574102]","[2.506078776075047, 2.8271950461136237, 2.7016483258769624]",1
52,52,"[3.2997348775155224, 4.464880075175919, 2.9549037786007317]","[1.6434594557003983, 2.840741978491493, 3.235812726708008]",1
53,53,"[4.562189092762214, 1.6225448150169002, 2.818897244714576]","[2.512234691833012, 3.93489190339296, 3.057478645757163]",1
54,54,"[4.456197360930599, 4.003991522205541, 1.4128434521948874]","[3.7875789778656794, 3.3988548661755758, 4.468777053419066]",1
55,55,"[3.073565027720979, 1.1682104059379252, 1.9543038068451204]","[2.8166633048003495, 4.91919793322981, 2.1755065529646784]",1
56,56,"[4.9836273272352365, 1.763539526963657, 1.8403977958721423]","[2.0620684326917096, 4.2990120710606075, 1.7940838816009332]",1
57,57,"[2.0960169742926604, 1.9057789568925791, 4.387027384550744]","[3.686718553181265, 2.22645964161582, 3.0612426025509887]",1
58,58,"[2.518633593082522, 1.606111829955056, 3.315878080615369]","[4.202305374739667, 2.5240606171270787, 4.097898509089946]",1
59,59,"[2.222510324621161, 1.6337283925312853, 1.077126454747238]","[2.5670163649417805, 4.765281336892981, 4.479384089168352]",1
60,60,"[2.4735291866870344, 2.651822147820936, 3.579827497462676]","[1.6218314688730033, 1.524830001329602, 1.7087603928958708]",1
61,61,"[1.7229752129232607, 1.449816265106052, 2.8912272757836175]","[3.524762911123812, 2.7298446875126343, 4.339198219106027]",1
62,62,"[1.0118831843036244, 2.493922263356588, 3.2223512492530797]","[3.3291266726031905, 1.3749717052473818, 1.231613715325882]",1
63,63,"[3.9415477069621034, 1.4464044049457736, 2.8557771376688152]","[4.151594714159981, 1.3149310588432948, 2.914795153633964]",1
64,64,"[2.300286123015913, 2.2276483111916296, 1.7763214353717367]","[1.3722941584710808, 3.9815282601900166, 1.1118085245627776]",1
65,65,"[1.6283427972162121, 3.6722129582197423, 1.03793634355402]","[2.231683265606504, 4.888766392488856, 1.7126373083762743]",1
66,66,"[2.1224133885993286, 1.0151643002573576, 4.736763596537301]","[4.457429361206987, 3.7835594913241803, 2.5759570818131925]",1
67,67,"[2.3584512429922166, 3.5940322334770736, 2.6288027892106807]","[3.7108461387154614, 1.0637309390064833, 2.708744252392006]",1
68,68,"[1.9891755319788387, 2.7626684686957517, 1.4817223787472908]","[2.9750809676334233, 3.688212203258888, 2.52255452750525]",1
69,69,"[2.27874325660041, 3.7220506633643717, 1.7180501394767798]","[2.569367554641673, 3.903992402240497, 3.007640690726642]",1
70,70,"[2.059491903334197, 3.8391100420385538, 1.5698011288471951]","[1.2571032976249965, 4.327723095645842, 2.6490075419283574]",1
71,71,"[3.0490416065419432, 4.508675608413965, 1.9135621814844597]","[4.163822322091058, 3.5555151624478016, 4.919844297758942]",1
72,72,"[4.646273348932976, 1.3595242903846674, 3.1524063915007043]","[3.5108698844759965, 1.6741472643613462, 2.537336525156336]",1
73,73,"[1.110964131953295, 2.799034238791156, 2.8850187553757762]","[2.40437506857698, 1.3822914679793827, 1.8804316460524002]",1
74,74,"[1.540091385008294, 4.155802633153611, 4.080772605039958]","[1.4652003476515465, 1.8968973382634413, 2.3150552461859495]",1
75,75,"[1.022172792019186, 2.5351248777022364, 3.667506750136834]","[4.234922043809762, 2.047880882515523, 3.133741634110136]",1
76,76,"[3.5934720229722528, 1.3706560979295852, 1.3528516185143808]","[1.6232925777102678, 2.3124295550289204, 2.3068134490120085]",1
77,77,"[4.323253615049252, 3.590395493014257, 3.5464992918406177]","[1.5027191214650326, 2.4959031569056314, 3.1986503213501503]",1
78,78,"[2.163497499678939, 3.327194454021655, 1.1718952013115138]","[2.0620088714235565, 1.07996854921003, 3.416811967040803]",1
79,79,"[4.1989064552055435, 1.095025139351744, 4.708272191582839]","[2.0786291291654497, 4.977189453549489, 2.3150352225341493]",1
80,80,"[2.698827775663847, 4.423437374430888, 3.1458348436835193]","[2.650905523144448, 4.6000716787120535, 1.6111350892144998]",1
81,81,"[2.859610430148673, 1.9284439197686005, 4.034274712892312]","[4.989834875054666, 1.8276780430862938, 1.3117762720356083]",1
82,82,"[4.141832264383511, 1.0926704273415049, 3.6880539087620403]","[1.146155274180026, 1.2417995289372024, 1.2675378362536214]",1
83,83,"[3.790208879759747, 4.210637023096011, 4.1415920796276104]","[4.038364024752337, 2.782048512392526, 4.14219759973294]",1
84,84,"[3.4820425035376825, 4.094326385840455, 3.5346904662605025]","[3.321336416301818, 4.493685248053992, 2.5863372069092083]",1
85,85,"[4.138320362263047, 3.5887368352835485, 3.0010807598403604]","[1.9936480629200446, 1.0496129050323542, 2.467938018141798]",1
86,86,"[1.6424802186558498, 4.810121999169218, 3.228466686616927]","[4.168634391196262, 2.8692124074142558, 3.654100613996598]",1
87,87,"[4.387864316104418, 1.0936786835472816, 3.000741294811351]","[2.74183117956792, 3.198068176819814, 4.9610082849374715]",1
88,88,"[4.164573396478814, 3.3077787523091473, 4.073722498343211]","[2.711459070213531, 3.4025610177933094, 3.28499225247187]",1
89,89,"[4.886241104320796, 2.2206267849612145, 3.830863663845716]","[4.783084186254765, 3.5112018849583335, 3.136451994420711]",1
90,90,"[1.6084085878519296, 4.8104100181379135, 1.0794909954587855]","[2.3071453206629196, 4.461950071239752, 4.741688256854594]",1
91,91,"[2.9013914860810726, 1.7801410047017163, 2.764841968721364]","[3.6512866482853665, 1.1563874088017334, 3.3192099841666343]",1
92,92,"[2.9250768447364957, 2.627751530030019, 4.835273975872344]","[2.286659207783829, 1.2909662489421518, 4.415331070422177]",1
93,93,"[2.812159471928711, 3.455974081764144, 1.7597790786269814]","[3.1549677900753275, 4.415227358789811, 2.565905750687399]",1
94,94,"[2.861180293124854, 2.2789918770273445, 2.6049530912539467]","[4.622127076265292, 3.30998998854533, 1.4480608674275781]",1
95,95,"[2.6909920947550288, 3.541252189881799, 3.1499675634044007]","[3.6331776180323176, 2.4739553520133826, 2.183938442199503]",1
96,96,"[3.1637554897198106, 1.1037227936755953, 1.616716422139965]","[4.075388465081746, 1.8226680278684833, 2.0927712421789386]",1
97,97,"[3.3595903764675943, 3.3291068923497273, 2.60054019586453]","[1.9321403600837486, 3.7531952727778854, 4.207278368335185]",1
98,98,"[1.1444501591848675, 4.665088020218762, 1.2009485946125777]","[1.4558971608975684, 4.12745254381778, 3.3483387104129756]",1
99,99,"[2.747666927308792, 1.5271107291637604, 2.6381709878809056]","[2.436827209038778, 4.6827836477782405, 3.3426373123608695]",1
100,100,"[0.555847588899585, 0.587668662906252, 4.426947757460878]","[16.872659438979568, 12.77077316069122, 18.76922740285357]",2
101,101,"[0.02190821628462669, 0.7406892788333845, 2.694674341255261]","[14.634506365958085, 14.383844762738049, 16.516145999165293]",2
102,102,"[0.10745588465769995, 0.9275567684693832, 3.256321798747416]","[11.08238947245154, 18.050894275754082, 13.513591513162213]",2
103,103,"[0.7671491454102861, 0.9825472666175566, 4.241449142488911]","[14.496207335943964, 19.762196698981178, 12.94721113439879]",2
104,104,"[0.9551534216314205, 0.1265530725477403, 4.885336558048034]","[12.030892306801114, 14.414182774875599, 18.11726797472569]",2
105,105,"[0.5899951772945075, 0.9008692543125307, 4.258405663179578]","[16.158461754879397, 19.139007762212735, 12.601360775416513]",2
106,106,"[0.107617111416766, 0.18245455537999522, 4.74505188143838]","[11.562220567398287, 17.7489802339867, 15.311839594059542]",2
107,107,"[0.575512655311346, 0.258928674216481, 4.8515877887437036]","[10.481824550866701, 17.12696274541822, 15.057279911584489]",2
108,108,"[0.5052523658318397, 0.9500712481522962, 2.0324733592934914]","[19.953364644603596, 15.134308083495078, 10.576767340339595]",2
109,109,"[0.35980541615165595, 0.01507471537682692, 2.6758473311388853]","[18.307269004606635, 17.499899605925552, 14.63243198085513]",2
110,110,"[0.24081691413867556, 0.3162218692281662, 1.0133337600371926]","[16.07802168481921, 11.31350552683832, 15.460492742115676]",2
111,111,"[0.6800141137251741, 0.3068720247167074, 4.134753772869368]","[13.474728339434865, 16.95499886333963, 13.171267483700168]",2
112,112,"[0.9394755353973452, 0.6617579578544357, 2.586050062303223]","[11.561209555480705, 19.054631394988892, 16.702875470028395]",2
113,113,"[0.5784157574284527, 0.9654326308920048, 1.8925567897496447]","[17.17397532488055, 16.95281496854932, 18.257027543471015]",2
114,114,"[0.7560869777759284, 0.8852967694285976, 2.186312048762638]","[11.505377117025462, 15.028178409135702, 19.740546065376233]",2
115,115,"[0.9414470534593669, 0.2071880126032435, 3.7383436379762287]","[19.759679483564184, 11.700808993756025, 10.539748482273973]",2
116,116,"[0.34833241693349326, 0.3773325782369652, 3.9278536923542084]","[13.907687114434205, 17.14693605342297, 14.15846731122129]",2
117,117,"[0.8023333388759102, 0.7099800657377214, 4.618758869248196]","[15.215396819138764, 15.868378406472594, 10.772686333506927]",2
118,118,"[0.8609825625245302, 0.015077027775336038, 1.5937665128973584]","[14.068324514739974, 10.361546135109071, 19.4986382707745]",2
119,119,"[0.665849066624056, 0.2591618239724368, 4.455753746586433]","[19.87159149084108, 19.478422862518496, 16.16426864184724]",2
120,120,"[0.0964145479239199, 0.402904483464985, 2.344794681142533]","[19.415151526123744, 12.840333802586322, 18.254174916723834]",2
121,121,"[0.00438998362220655, 0.21284178999750858, 1.9812446709885623]","[13.373638471690082, 16.393175839704917, 18.739324806017713]",2
122,122,"[0.33951934899775926, 0.9692701484003038, 2.85091170341667]","[14.89493007025539, 18.416704970510725, 11.855508049781369]",2
123,123,"[0.4680832408503005, 0.22305690808484302, 2.178646435713125]","[18.721966175505635, 13.946889507168597, 14.791560746118707]",2
124,124,"[0.02028557113747853, 0.9754902767263215, 3.524144468690892]","[15.124879976759114, 17.774060801525636, 18.358206076834925]",2
125,125,"[0.531924036713009, 0.7800063281466276, 2.6764815228374887]","[16.400437394531775, 15.561343143062748, 14.074088788432105]",2
126,126,"[0.9895969392521597, 0.4999393090671984, 1.1808995604178993]","[16.2710837751297, 12.306848357079476, 19.815294153777142]",2
127,127,"[0.02261699069600176, 0.5492651520530758, 3.498375563590777]","[11.857576092187292, 14.638011263170355, 11.01201671400984]",2
128,128,"[0.902262588398272, 0.9123177923408687, 1.7712802580512297]","[14.823813530635471, 11.371749353599936, 17.448808265508053]",2
129,129,"[0.43251624419442913, 0.6867848156812204, 2.177879745551657]","[11.280835735133536, 19.898421344866012, 14.60174574808967]",2
130,130,"[0.8909055816560579, 0.29295179577624186, 4.6709705489050695]","[16.20461414969777, 18.08499857335233, 19.595593892833378]",2
131,131,"[0.012056880606372222, 0.4116899932708916, 1.4459850095988496]","[15.77589249199329, 11.653009309370466, 19.36687016621572]",2
132,132,"[0.9415121807421236, 0.30368788479566455, 4.981437155318272]","[17.395570526133195, 18.35871514676407, 13.376657306335956]",2
133,133,"[0.26344320054509784, 0.1743797007825113, 2.776605660585848]","[12.799823116315936, 15.407936264476799, 11.2130973032275]",2
134,134,"[0.397026219994947, 0.729915764102356, 3.4407627913009238]","[12.757506566300737, 17.498880761420615, 16.124107635373218]",2
135,135,"[0.5607700568142864, 0.8463562100678457, 1.8824689420817946]","[16.595745985499054, 13.234713576004136, 15.870449540944469]",2
136,136,"[0.7511494345522753, 0.3770562120485157, 3.0119595842989826]","[17.45760350010417, 17.285260915966283, 10.737300606621137]",2
137,137,"[0.41494996723969446, 0.9940240126941108, 3.8859701764828065]","[17.01963533050155, 12.45563762516342, 15.497033504483943]",2
138,138,"[0.9541867886283177, 0.5141422985510526, 2.139723636010573]","[12.000955736969031, 15.835359773374826, 13.923172808648806]",2
139,139,"[0.31258195389212184, 0.11247651857571517, 4.715525281391098]","[13.336546381416952, 12.532533688880918, 13.404362373989265]",2
140,140,"[0.3821737084843554, 0.30965217875303874, 1.9912910821849281]","[12.765133607265241, 17.947251956833476, 17.89430778314174]",2
141,141,"[0.11283151581006301, 0.8035817704062588, 1.993693550179544]","[13.858220797927512, 13.688048337379577, 14.522183833466709]",2
142,142,"[0.37917162344910427, 0.5484824592558444, 4.9734958566686895]","[19.169814225646725, 11.524245785390706, 19.84509222869471]",2
143,143,"[0.9199450090502541, 0.7658738593941762, 3.1908914651825953]","[19.67023686805715, 13.711138807430384, 18.685281851453244]",2
144,144,"[0.8107707119827477, 0.7531560383837234, 2.1123446538345307]","[13.469835053121667, 19.76221746329401, 16.097598985763174]",2
145,145,"[0.8795015695393033, 0.5337696162576552, 2.342144180313925]","[14.574584132581869, 15.501047769503328, 18.45152559636157]",2
146,146,"[0.08266888611412515, 0.21192743708555184, 1.4815911019317918]","[18.13948820953944, 16.897810423008035, 13.412637431312527]",2
147,147,"[0.09184934364911002, 0.8438231092474017, 2.5053807849310745]","[11.650725067992587, 14.562166292906673, 14.779820996045943]",2
148,148,"[0.4375497129845588, 0.9396113853428588, 2.4332003257439774]","[11.520666846349512, 17.033396648712667, 12.45473618213455]",2
149,149,"[0.7623139461091173, 0.527162566583498, 3.8123084529102593]","[11.36080427247125, 14.783418071435603, 16.736079747571615]",2
150,150,"[0.8375400742665012, 0.018494938493408664, 3.318306351484301]","[19.35463939240278, 11.22583226325942, 14.34844711493172]",2
151,151,"[0.6059662005906519, 0.9955549522732359, 4.857521965405288]","[17.695889947117465, 13.76894063980598, 11.071631230421971]",2
152,152,"[0.22724093402030743, 0.46709766515675066, 1.7288230903138047]","[18.00259739302811, 19.28178111450908, 11.332383828368785]",2
153,153,"[0.2375118467165186, 0.27469168886026296, 4.868074290575049]","[15.208553456155062, 12.529957411761924, 10.909466478665165]",2
154,154,"[0.11404780678764326, 0.3445116821053915, 2.002784929851983]","[10.427256286359821, 19.439461109647965, 13.514515081941852]",2
155,155,"[0.6071113802012092, 0.8572352967295066, 2.8087794160322774]","[12.02186002259121, 18.303254430502225, 14.401116118694281]",2
156,156,"[0.33585451737939076, 0.8716888245200096, 4.068576154008303]","[11.642177638225899, 11.008859999797155, 14.716511616865796]",2
157,157,"[0.3183729640390779, 0.7489534560657533, 3.228821624809266]","[10.257168035836777, 17.5463176375669, 10.440698527558467]",2
158,158,"[0.45219203517851814, 0.5817726298594306, 3.2808279959077358]","[13.112118840870869, 12.711282540861662, 11.253714512147292]",2
159,159,"[0.6259229391903449, 0.41456327689428474, 2.5059894326671497]","[17.3058012184132, 13.90302103170331, 12.433020273937313]",2
160,160,"[0.10941805296470064, 0.30843932468057866, 2.178399033650205]","[11.02114148642279, 10.590613632828047, 14.162019067681719]",2
161,161,"[0.5771255093092363, 0.04138440923876929, 3.4563559351609316]","[10.478599997607299, 18.578722234036533, 14.334395949367208]",2
162,162,"[0.531432625301047, 0.18815940206757975, 3.5159892536770077]","[17.963429955290223, 19.325741171459672, 16.019765294713032]",2
163,163,"[0.7464960669502367, 0.20096239946305772, 2.3619154245757774]","[13.696107549307882, 11.916289366537193, 19.443414948260603]",2
164,164,"[0.9770327146571027, 0.35127783712808625, 4.099835322254005]","[14.753357661592274, 10.682747797410553, 10.631955178941073]",2
165,165,"[0.5198852600493878, 0.9142635289503719, 1.9120337810915795]","[15.855038315948804, 15.357500279134609, 15.119056293710315]",2
166,166,"[0.35983033742118964, 0.15466866055005957, 3.3779586924138645]","[10.57426052722805, 14.51029669830622, 12.553342509538284]",2
167,167,"[0.42349874746928107, 0.1386427866015436, 2.1936369763726264]","[16.410422587266513, 10.443690771076104, 15.627947212833735]",2
168,168,"[0.40058123903431975, 0.40861319703510324, 3.0101339800706484]","[13.630343136880033, 14.958238383589787, 18.281180438824368]",2
169,169,"[0.5933212954226904, 0.6266189867991775, 4.53183881619073]","[13.290423353672363, 10.138984759164455, 10.762919955889137]",2
170,170,"[0.12436694530205095, 0.32126401859955844, 1.05459333276997]","[17.843377871206453, 16.333194520498246, 17.58900823137833]",2
171,171,"[0.23657042639215686, 0.33489650916197855, 3.8198709731634146]","[13.323368456412936, 17.267547269155187, 12.83574144427413]",2
172,172,"[0.9419704153747844, 0.6261793062197494, 1.718579209309921]","[15.468287228593692, 14.421332808282997, 10.414757599724608]",2
173,173,"[0.9967906196931668, 0.37065572425171056, 1.6474614533546625]","[11.817372430069048, 15.13394316994068, 10.260065811677082]",2
174,174,"[0.21234484433324763, 0.11004032504958727, 2.689956039800265]","[19.835514418802205, 19.574623120710573, 13.670398914345483]",2
175,175,"[0.19397899447409006, 0.07776045704115886, 4.040167979144902]","[19.260220049683376, 17.344153091723356, 15.001008311987764]",2
176,176,"[0.5779930590239005, 0.9129711583688386, 3.343694184000141]","[19.144861274735383, 13.51196287988181, 16.647865643307455]",2
177,177,"[0.854261052147803, 0.9936493119341923, 1.912076912622652]","[16.329174448919872, 13.316100572602297, 15.542984702860648]",2
178,178,"[0.1891946317883192, 0.7958022725958449, 2.178829553987857]","[17.054277487995762, 11.053639227629796, 11.62060737922488]",2
179,179,"[0.0181963524491906, 0.8551003538036721, 3.8151089465473507]","[12.895711314691106, 16.818446427298504, 14.418734141236381]",2
180,180,"[0.11332376812851563, 0.4136536701547612, 1.7417306105436876]","[14.40250928747668, 13.205620178153293, 10.47629360153114]",2
181,181,"[0.7833338691148423, 0.19212117759964975, 4.440379684363008]","[18.603690965510552, 13.342325536975029, 11.391431161204299]",2
182,182,"[0.35848201016839754, 0.25175147683183907, 2.578134087643473]","[15.995833788942594, 16.567720839081105, 15.051512690776205]",2
183,183,"[0.5147328952269421, 0.7978426322192008, 1.046018356400507]","[16.978799695285883, 14.952080400874122, 13.530083381504317]",2
184,184,"[0.7955779118041388, 0.66135594547302, 4.723429391263361]","[14.57334931980361, 13.006058086912649, 13.271589745296641]",2
185,185,"[0.8282691312696987, 0.725704333056005, 4.417520566672844]","[19.850434535736817, 10.98691745481142, 13.938746834853402]",2
186,186,"[0.831692176617082, 0.7848340958498116, 2.67999653415632]","[19.660964579360325, 18.39167527360202, 12.398726308878517]",2
187,187,"[0.16357032608707034, 0.6816484530223991, 1.086439013645188]","[14.112206683172364, 10.615622522290776, 12.15395839918656]",2
188,188,"[0.7447737811384952, 0.5463261899094034, 3.0629211893144785]","[11.40074057401093, 11.270250092482577, 12.924446696835638]",2
189,189,"[0.5093339627127119, 0.43900842197028644, 4.639797753184277]","[19.326779148907313, 13.980050238026083, 11.82425298053365]",2
190,190,"[0.5214235626678323, 0.0887285709252974, 3.5144010965323647]","[14.897963559420944, 18.76457577957577, 15.143592121129439]",2
191,191,"[0.7415592626791156, 0.3230506076176134, 3.9307093392790815]","[18.907169630063812, 12.978410966699775, 15.493865715190804]",2
192,192,"[0.30322293255587285, 0.5848880262543097, 3.763022560157056]","[18.263025849089857, 16.620240051769446, 17.67825658609975]",2
193,193,"[0.7035386953065198, 0.6673724397898644, 1.3108017600053636]","[12.737745972368177, 16.892781641353857, 17.663149108624822]",2
194,194,"[0.26818566891309936, 0.24499198360500918, 1.8879675299957146]","[10.485918412645246, 19.74349346113359, 12.587461542284029]",2
195,195,"[0.6023592982036928, 0.5131522480724054, 3.43227558624915]","[18.111353631222933, 10.931052983209051, 12.195434547964545]",2
196,196,"[0.5186996302639597, 0.9755775612824578, 3.3401403717897082]","[18.03866443236326, 11.051816261600827, 17.188219284575858]",2
197,197,"[0.11567487077187799, 0.43808148602817376, 4.60388902541901]","[12.072008645164605, 10.66973285137446, 19.271832237196936]",2
198,198,"[0.7826568411571031, 0.0034228261709137175, 2.244746077828681]","[11.789961795171802, 17.891109687815383, 12.222434063894351]",2
199,199,"[0.8988754082336381, 0.6933388734366218, 2.277487083017555]","[11.417571057494596, 12.212849448286322, 12.514754182006719]",2
200,200,"[14.672145552855937, 15.29076633436307, 2.0574635996847954]","[11.373233605524876, 10.384661481667738, 11.84917009995011]",3
201,201,"[17.227283930537233, 12.219163669847504, 4.676170087661942]","[15.239344516336685, 19.83843818678145, 10.508367815728668]",3
202,202,"[15.54675329601995, 16.482319691495768, 2.1025748718452]","[16.990350791170556, 10.188732885996135, 13.871994263308636]",3
203,203,"[12.289856008596324, 13.820721498728851, 3.1331269699584894]","[16.897376519297556, 18.47432258587685, 10.93916501208864]",3
204,204,"[18.591529826887847, 16.19727072517365, 1.4613990350901727]","[10.732818359082453, 15.961291027178998, 15.592883704870987]",3
205,205,"[19.480194213791506, 19.950691911948606, 4.730616567668726]","[17.502741136391986, 15.597453331092133, 13.542602332455607]",3
206,206,"[18.890336096087136, 10.315858274561746, 2.8691155879876957]","[17.47397773548706, 16.978554256414412, 10.99418339045849]",3
207,207,"[19.226209470375625, 10.18495247443726, 1.0925233170512914]","[14.013707854101995, 14.962996387561862, 12.265615356554742]",3
208,208,"[13.011347594892943, 16.068814382727982, 3.0826367648499375]","[14.134841877103147, 12.853233898511693, 17.332489406756196]",3
209,209,"[16.948742561723904, 12.45874288564875, 1.7825779367146253]","[11.29846303549646, 10.851043316558458, 17.433889833818625]",3
210,210,"[19.37848924075184, 16.396862332080975, 1.0726358324760819]","[11.436957481031468, 14.828177116814816, 11.323490103749895]",3
211,211,"[16.948709295870394, 18.98518323142106, 3.885624334946042]","[12.21239780556539, 17.02173551465856, 18.81678121134091]",3
212,212,"[18.699389037432745, 18.007200019688128, 2.4638126432077527]","[17.172115618860413, 16.971531918034234, 14.277662479774731]",3
213,213,"[10.929461483098073, 13.975916309890628, 3.5829638373863495]","[19.061862269011677, 13.259093032233233, 13.773092839382272]",3
214,214,"[12.35206915921749, 18.747597843185286, 4.666755499679346]","[12.972216937870352, 15.4229390913557, 19.727434967913254]",3
215,215,"[15.790780664126409, 11.51559762772026, 1.8411336220707977]","[12.346772484846147, 14.47934181466642, 11.76738603460789]",3
216,216,"[17.56064108247276, 11.701858519327079, 1.5619740035459189]","[16.72349316813007, 14.198065380354883, 14.181219822770895]",3
217,217,"[16.288595450738498, 16.030153501516015, 1.3151594409299388]","[13.783634682508925, 16.055951650030174, 11.059510903354692]",3
218,218,"[17.062173002006954, 10.884862702380616, 2.0321278481194134]","[15.478089188713135, 10.880831178284676, 13.084957858821431]",3
219,219,"[15.424119267090196, 18.46057583286573, 3.461362495225366]","[10.026514285039092, 13.931801585989849, 19.482401129564778]",3
220,220,"[12.264657070920709, 18.393135952848592, 3.1159641367366966]","[12.606105499596403, 13.202371027222899, 16.424580088932338]",3
221,221,"[13.921771064380984, 19.785046416002267, 1.8436156311536522]","[14.602551463105913, 17.689104616957422, 11.269633134685325]",3
222,222,"[14.862933270046085, 14.967425122603716, 3.4264026255418947]","[10.33827027072894, 19.746329714071, 16.525404401778523]",3
223,223,"[10.36337334662865, 14.9997610356125, 1.0064858948774944]","[16.272739117878228, 10.992697090242903, 17.262036411636227]",3
224,224,"[19.346024999220965, 12.82035998190613, 3.0400865733376943]","[14.934334999715293, 12.459162019827055, 11.009959379930788]",3
225,225,"[11.67356466845299, 17.168028938100317, 3.253841661741673]","[18.257831655184276, 10.571044330210931, 10.997976869591696]",3
226,226,"[12.354200537649236, 16.28865390682752, 3.5092838013809082]","[17.057582580955504, 15.151500698511724, 11.354179796877336]",3
227,227,"[15.739027633677749, 17.764117503696973, 3.5403017295578443]","[19.847024729030345, 16.58070998677652, 11.02279713970304]",3
228,228,"[19.499954960755048, 15.218067826621908, 1.838661247011998]","[15.92369026638757, 18.56741307881677, 18.418345962383036]",3
229,229,"[19.16577692666481, 18.337550685104517, 3.9500989128903163]","[15.050905397943865, 13.085358909434216, 11.669697488766253]",3
230,230,"[15.53489597640893, 17.659711667632344, 4.569283302398619]","[10.496914464904153, 11.874881409306646, 16.594340155250492]",3
231,231,"[16.694314947646966, 17.788138270474395, 3.9456933317565026]","[11.131828197431876, 17.33207909453878, 10.546213281476948]",3
232,232,"[13.13432264942847, 16.79835445218292, 4.586671711354079]","[15.389051299357572, 10.819671965998127, 19.29797136762824]",3
233,233,"[17.403851357561983, 15.333611039862685, 1.1181600319025842]","[12.705111882760322, 14.828064494308325, 16.265300580866295]",3
234,234,"[12.531424453188961, 13.508442137886775, 1.1260379313050901]","[12.980552521107466, 11.923844074839634, 12.955709712916956]",3
235,235,"[16.70793620491922, 10.891246589473273, 1.3390127125745819]","[13.909230807765969, 10.19305378477102, 13.801583030674703]",3
236,236,"[17.95648129068896, 11.007786900752489, 3.197143094455636]","[19.9238904034922, 15.10922000929084, 13.010006212243288]",3
237,237,"[17.083473462047518, 13.554649608280059, 2.9886278674622115]","[13.975780551326844, 13.788856021508302, 10.165736352473187]",3
238,238,"[19.084715218505636, 15.063743373668945, 3.3871144615031135]","[18.126665219462197, 12.875234195947783, 14.837389883444247]",3
239,239,"[15.6263549048837, 15.044741198621255, 4.543566761398986]","[15.47498224289022, 13.867576450601556, 13.027576705026586]",3
240,240,"[11.882125869718003, 14.865140840748799, 1.714105990192286]","[15.709876798144762, 11.465241946453647, 14.806231635610551]",3
241,241,"[11.891924023350711, 13.729446610556895, 2.830582086261626]","[13.88821513310792, 14.357120876855388, 10.173546732450673]",3
242,242,"[16.235219519446762, 17.112324988677614, 4.656118104362115]","[10.22491494849348, 19.752384107139775, 12.871667556873359]",3
243,243,"[17.484076255711095, 19.987968257744477, 2.5231600062116786]","[10.021561368663498, 11.223742592305989, 17.35429572547235]",3
244,244,"[17.642121802346434, 17.101275215086286, 1.1022093234702761]","[15.524102217618301, 16.12539306223687, 16.441968079482884]",3
245,245,"[19.58056250546376, 14.83145302197218, 3.551090015110832]","[11.384894677512648, 10.631119315510947, 13.864844213835411]",3
246,246,"[12.413969715656878, 17.903714367662126, 4.199096884731311]","[11.448908182010037, 15.203736874304472, 14.92994777174556]",3
247,247,"[11.769820463588935, 13.771312026223015, 3.6323246214128773]","[16.884851835936807, 14.258689531116339, 10.19329530392143]",3
248,248,"[18.40957600403342, 19.95697670119771, 1.7029404885819015]","[18.171173742642278, 12.216833227959182, 14.015620996217635]",3
249,249,"[16.215395432812812, 10.633214074880753, 3.1297421576119384]","[18.70389336737656, 19.284637657741182, 17.710347467379957]",3
250,250,"[11.8918849035996, 12.34610862445562, 1.7389973808485437]","[13.341622231614618, 18.25633609614384, 11.458535886232164]",3
251,251,"[14.05814158851732, 12.230932111376447, 1.4987836156531706]","[17.434189786187417, 14.496991348722267, 16.75589033780282]",3
252,252,"[11.501506864448864, 10.491138493522673, 2.1312725315277374]","[15.176161728807507, 12.482543763207143, 19.285599072158014]",3
253,253,"[18.270333704192623, 19.815888117684075, 2.1606835171762215]","[12.203904295791546, 11.710879985320764, 18.39370931614138]",3
254,254,"[11.12570613069239, 16.032543388342646, 2.401763560963872]","[12.093211807020133, 16.101953878386787, 18.31917499522558]",3
255,255,"[10.56933099985644, 15.47656275566591, 4.700657511105994]","[18.170287382005135, 10.793916198684666, 10.0400167036036]",3
256,256,"[12.390639710493396, 15.824846893621057, 2.727653074005165]","[11.572396970600117, 15.38268438379469, 11.632398745544902]",3
257,257,"[15.478532522845788, 17.321800879671883, 3.9294434873786304]","[17.697487621573767, 12.765876216985125, 17.4719361647503]",3
258,258,"[17.309105568925762, 10.91092958320531, 1.6308544651957164]","[19.489756690568463, 10.882072818856583, 19.708757747150987]",3
259,259,"[18.381386769712496, 18.829149515182426, 1.7710768189618]","[16.001380597724143, 11.004664440015578, 14.68017000233181]",3
260,260,"[13.616742456279377, 11.42771139225487, 2.589569659806315]","[19.465805576729913, 13.257464726326145, 18.29108902616734]",3
261,261,"[14.36325505473425, 14.89304367229489, 4.740754633101419]","[10.769241803379876, 11.063333435094114, 16.656869250624908]",3
262,262,"[16.34696844920218, 19.486327275988664, 2.650595270417412]","[17.42767083327846, 12.318625113569627, 11.265406696326849]",3
263,263,"[18.245182268254897, 13.516438852490701, 3.7736708491832043]","[18.55270781276492, 17.422207902653362, 19.34813958017766]",3
264,264,"[14.6866619681653, 10.049118241800457, 4.3422212645538085]","[14.08263428010688, 15.463800508525596, 13.586142653231798]",3
265,265,"[13.502389420676165, 14.834386567102523, 2.726072671602223]","[19.06379929884562, 17.57283738291679, 19.552613504061583]",3
266,266,"[15.482420313010756, 17.31183002378728, 4.632731986086718]","[15.882481931697878, 11.954336588489102, 16.437537152014837]",3
267,267,"[12.052928854337495, 19.332939747873148, 3.659080600860643]","[18.82360654020654, 19.08372780716931, 19.844086299434156]",3
268,268,"[12.008988228157868, 10.404367483344837, 4.412389854266209]","[12.647886683489517, 13.711501446738055, 16.115830230155034]",3
269,269,"[12.906109066388112, 15.134534033787595, 4.248170353940529]","[10.784730975120707, 15.310814062630982, 19.83483337344515]",3
270,270,"[18.53764380682454, 10.199182440682991, 1.9659587603108415]","[17.305329708289246, 15.359167143109985, 12.432575997980507]",3
271,271,"[13.587756765557359, 15.896646987897508, 2.0399137759276798]","[16.50091488905309, 10.454141589929804, 16.57169048050623]",3
272,272,"[16.0026131736959, 16.158169865013953, 3.5616262116300352]","[18.352592486002997, 11.760253214753213, 16.69002437501591]",3
273,273,"[12.540515825707637, 18.154202201028383, 3.464003469188401]","[10.4574051860155, 13.321380853519743, 17.461209269598303]",3
274,274,"[11.211843795516373, 12.95196192637316, 3.4429128197374084]","[12.840374374840371, 10.261305691366537, 15.440970775978277]",3
275,275,"[16.106520802462843, 14.817553449761553, 3.1577240041758152]","[11.503511788885692, 10.634934245310742, 15.35680131480192]",3
276,276,"[19.47415473484013, 13.97194798524857, 4.61278792354865]","[10.227467226249352, 11.245200398932143, 16.22340996160048]",3
277,277,"[14.778608093263617, 13.194436315088593, 1.4208236667519802]","[14.597790584822338, 13.919023703517732, 15.787319378554667]",3
278,278,"[11.811651472838953, 17.312567880230386, 2.285260282213089]","[11.043436173686384, 11.192477316852337, 18.501290483920926]",3
279,279,"[17.599205797979177, 14.39560949369896, 4.0159493721152035]","[13.478440462921276, 15.894647881101237, 15.573259364537105]",3
280,280,"[15.59672570450231, 14.114191188140422, 3.8253780449715427]","[18.400472558742088, 11.070067510205979, 17.741949802150977]",3
281,281,"[11.016712070705001, 14.266589182342692, 3.6373361878815422]","[11.247571634320412, 17.262381990851733, 16.384819756966277]",3
282,282,"[19.161459025772224, 11.478144512868788, 3.6735171833849196]","[17.783277861512474, 12.804358855530424, 13.859270487988244]",3
283,283,"[18.666883808751976, 13.328036166336044, 2.039050245505316]","[11.439188741837464, 13.80223727152055, 16.374905657427586]",3
284,284,"[16.36961272972402, 10.420291426904685, 3.534722882754139]","[15.790283227758724, 19.032137388597256, 14.509913251440693]",3
285,285,"[13.039310964820006, 11.25578221000508, 3.294082282719342]","[14.084010657477926, 11.230683466043072, 13.35406074697094]",3
286,286,"[18.59445834342349, 17.456915718497207, 2.4192121097153234]","[17.284967777282034, 17.585542539465862, 12.674548287137629]",3
287,287,"[11.270136760129736, 16.012773670223453, 1.2694460253353501]","[10.154837766358924, 10.519006203529933, 18.426138277662265]",3
288,288,"[18.07205402512617, 10.219167636185226, 2.0508650896975977]","[10.568610405965625, 10.26748564939732, 13.675751003961347]",3
289,289,"[14.302633612826705, 11.046901365151385, 2.7858551843184802]","[19.694740262846466, 11.488988182127308, 12.59339782164405]",3
290,290,"[10.568736757625867, 11.044501274766233, 3.9720186937643938]","[11.336902577996732, 14.316762024635409, 10.024678868054247]",3
291,291,"[16.626266418110163, 17.26979226325139, 1.7404073828617093]","[15.187332452215964, 17.495542340167702, 18.96882844815172]",3
292,292,"[18.045678117799426, 17.807136840751788, 1.9703328625699599]","[18.205767069298403, 18.748027284892714, 18.00132851151853]",3
293,293,"[17.336660661866723, 12.971123600624502, 1.8415445001214406]","[16.372590597987497, 19.93655068715094, 16.725399753270523]",3
294,294,"[18.634183426569876, 14.505978365214279, 4.532669208501826]","[19.549135216305174, 14.229254479723203, 13.96073085088062]",3
295,295,"[10.690965220881715, 15.457099916881464, 4.845557150244411]","[10.446347250724838, 17.49743881279011, 13.794852067317077]",3
296,296,"[14.21908457388361, 14.371144926369965, 2.887001742938581]","[14.447545209647483, 12.393528490307522, 13.879333039737851]",3
297,297,"[14.460680535680993, 15.686699754515494, 1.2033549421989043]","[12.146425611060353, 19.197342914325787, 13.53088586363559]",3
298,298,"[13.051707947920024, 17.759066358477956, 1.4835896324215674]","[16.378664459956003, 12.624342961793324, 18.282286959253465]",3
299,299,"[19.51443050032084, 14.071389805658375, 2.779252456253328]","[11.67799146934317, 16.240629484226243, 18.095227407057916]",3
300,300,"[11.420530932943212, 17.735622615885873, 18.390898560389584]","[12.224786451589573, 11.91147414766631, 18.63806083901637]",4
301,301,"[14.976697736257623, 16.663520967957112, 14.833212608913737]","[19.68856217996938, 11.294359309904118, 14.467769053391864]",4
302,302,"[16.437669802358382, 14.17871779109254, 17.619990192389935]","[14.506821962047432, 17.927582190686415, 19.864210253058857]",4
303,303,"[17.53057595078291, 18.90875368494916, 16.668218257108663]","[12.820693794468404, 19.705171243182228, 13.928964354502469]",4
304,304,"[10.5161433425327, 19.54929989179484, 14.662321612730373]","[13.670811596124057, 17.81999341016185, 10.23015223012662]",4
305,305,"[14.75942246334579, 13.796195720324008, 14.578143231287243]","[18.48114068174714, 17.508242618807866, 14.126464307263518]",4
306,306,"[12.064783663237769, 12.751519016747258, 19.832201653568518]","[10.39645636110058, 14.816261436715632, 16.73951208318274]",4
307,307,"[19.088197360231817, 19.421891654389572, 13.241439468808869]","[16.15239698548408, 11.76550241250776, 10.032060945464591]",4
308,308,"[13.246500191661864, 16.789203076779295, 15.467964094102946]","[14.361159473525579, 10.987475089254344, 19.870242198126213]",4
309,309,"[14.717093621959435, 15.193040701016987, 17.128446893127077]","[18.540074686900716, 18.269557075245785, 18.113245285794527]",4
310,310,"[13.508645083022213, 13.311537286298979, 18.386414483551004]","[14.457325273181677, 17.795304098047815, 10.724524348764016]",4
311,311,"[16.85930411253703, 19.437762312657334, 10.756162695963566]","[16.225215089405665, 18.763949585138974, 15.247745621794621]",4
312,312,"[12.090603495314394, 10.201931538890276, 16.536591663676315]","[18.89041158363444, 14.408479994529753, 18.79437467288208]",4
313,313,"[11.189905734138769, 16.383311059222336, 10.780757796347816]","[16.186917828518315, 18.521066534540132, 10.561998731757663]",4
314,314,"[18.201308734955163, 11.382323175672276, 17.100290517366297]","[15.0994043364811, 13.304993424735736, 14.194350599709232]",4
315,315,"[16.08131697880903, 19.91657145188234, 12.65607983829711]","[12.578733668227763, 16.414582193151922, 14.858976869145787]",4
316,316,"[11.079151892511875, 17.46285364039491, 11.858517527454671]","[13.302378713497374, 11.836665753446207, 14.524747983544398]",4
317,317,"[15.783754936446996, 15.037832420029623, 15.67242965455305]","[11.432707429231465, 10.478887780206389, 17.49286247639953]",4
318,318,"[12.905642132812071, 16.83389231799497, 15.50164874964322]","[11.373638499234659, 11.449487421489003, 15.870271031376443]",4
319,319,"[17.95164251132239, 16.82340141871272, 16.995376941514728]","[15.003719784061845, 17.822255768391646, 18.245868337873244]",4
320,320,"[15.8353100718106, 14.901787679407493, 16.695120592421613]","[11.464968611941153, 14.859171188449476, 14.413086559256769]",4
321,321,"[19.37540069212097, 13.377020103120278, 11.951836615401403]","[10.753081697495753, 11.098032825170316, 10.796520037530321]",4
322,322,"[12.689628833815995, 15.938189718248626, 13.96430122668892]","[18.25373588818778, 19.41005483332251, 13.362770737632063]",4
323,323,"[13.39281179592865, 11.336714409329517, 13.313950566251211]","[11.151872597616787, 10.126663559564268, 11.879792632734045]",4
324,324,"[15.678725077057875, 10.40866205821284, 17.5349412017264]","[17.24456043185269, 17.890121890488487, 10.711537627783695]",4
325,325,"[18.049236466859192, 15.995559726913966, 12.920698881332129]","[13.525708224300592, 10.545134447239537, 15.57259981299799]",4
326,326,"[18.250604166251648, 11.948040874373598, 11.336035649017443]","[14.906254929279545, 12.147468286815545, 11.136865624933764]",4
327,327,"[17.701407261282903, 19.73401105034273, 15.467146509287893]","[10.943642576352321, 19.53930730166662, 15.773787687436496]",4
328,328,"[18.94270143484223, 15.756925118124864, 11.76375024323452]","[11.159031880343397, 13.969834026600088, 14.654155322821943]",4
329,329,"[18.144852068420647, 17.935607662363807, 12.45069095915148]","[18.45888261139039, 14.925593610084631, 10.413927594405184]",4
330,330,"[14.435397606552993, 19.067816602064823, 13.267275353086829]","[13.604056138758068, 14.26915115157491, 11.44641543324266]",4
331,331,"[14.98183362293305, 12.433138245725495, 19.060159418865858]","[10.697084278142901, 10.095063979560416, 13.949352467143376]",4
332,332,"[11.976926300487321, 17.434895771317777, 15.761155588259545]","[11.386133983105069, 14.302134192224596, 18.451526946930784]",4
333,333,"[16.73463885288778, 15.21825993651423, 13.819353698809175]","[17.736527383565708, 10.62288618685814, 10.687922660660604]",4
334,334,"[15.736229998724895, 19.188519717457396, 16.73604675587792]","[10.84934446550481, 12.686250792424113, 12.717587912136478]",4
335,335,"[16.972271882251228, 11.43200650368588, 14.90750545733039]","[18.567871218500745, 13.253488615932758, 13.499378017403227]",4
336,336,"[17.88103983511926, 18.494663950857053, 12.61255499936669]","[17.973137194993154, 10.867434402354698, 14.840853132537086]",4
337,337,"[18.706764089419934, 19.995094833537486, 10.785399514829978]","[10.56385780187222, 18.414479990631392, 12.548450673798868]",4
338,338,"[18.898460366800432, 17.36543717434567, 17.454277113121684]","[17.96270339861733, 15.978112663136432, 19.7627452620022]",4
339,339,"[17.421324164651875, 10.58710532644859, 10.594208447516525]","[12.517399125750423, 16.06556876342939, 17.104310555411125]",4
340,340,"[17.90109561336392, 12.419032897734898, 15.167086673307635]","[15.851950991725378, 12.080248619062278, 16.416918001139408]",4
341,341,"[13.328747266067055, 17.519774876116536, 15.15444113797967]","[11.0661053211323, 16.47757745670166, 11.406003415589955]",4
342,342,"[19.92907678122699, 14.252044039372745, 10.799908016384611]","[16.1697270724963, 19.333112641135926, 18.39023334581289]",4
343,343,"[19.287201787231385, 12.984923951425618, 11.529182790255582]","[10.97319758235258, 16.52050537240585, 15.843252412831863]",4
344,344,"[12.501716623758997, 18.785792793975414, 11.56338310164218]","[19.053299123371946, 15.047062064913987, 12.591125370657537]",4
345,345,"[12.384889907286375, 13.552576660651013, 17.891819314707345]","[11.23886004724632, 13.2204377021711, 15.914550547344833]",4
346,346,"[16.603478503691846, 10.81849990605099, 16.214329774138076]","[17.509877956214858, 10.833656681225959, 17.03375587160759]",4
347,347,"[18.733061847741112, 15.989223850603832, 16.031173420285477]","[14.941890418788939, 18.181762304629636, 13.06120863016053]",4
348,348,"[17.468404678178583, 17.675676564801876, 15.502738878487529]","[19.47639346575391, 15.804593821098411, 18.770023146790116]",4
349,349,"[17.925339686967405, 17.082133781663774, 15.5841940241121]","[10.891035794761608, 14.700226052507908, 15.011167712448554]",4
350,350,"[15.968832662309465, 16.288931407440607, 17.12143965360337]","[19.019550597279817, 12.866949175092461, 11.843031966088208]",4
351,351,"[11.833114566201292, 17.873734723610575, 12.614185387560752]","[14.437335216396377, 15.273949697485174, 10.301523645084156]",4
352,352,"[13.623744886200027, 17.75887495362562, 13.417612304276062]","[19.185870337024795, 11.352314297403694, 16.113730366605232]",4
353,353,"[15.852161610421769, 15.367075570893078, 12.510897138234974]","[14.313500772148764, 12.759361897580597, 12.091594458399022]",4
354,354,"[17.866403633057747, 12.208800071752004, 17.621584616577223]","[14.55113408399, 14.145903765340783, 12.243126989912625]",4
355,355,"[17.18226304925938, 11.327526294659908, 12.299323869356744]","[17.260365751212472, 11.850534214073447, 11.41271757881001]",4
356,356,"[13.173398516417775, 16.75596725610042, 19.534259606742218]","[18.91120089129497, 16.39068482636544, 12.11264336289369]",4
357,357,"[19.08470393547781, 19.219058118177227, 15.918468185051104]","[16.38640578563831, 15.526296406253984, 15.873249042356456]",4
358,358,"[19.937112630704085, 18.678527458017136, 13.923462762446453]","[10.885860102667102, 17.110328863407318, 10.37368695460728]",4
359,359,"[16.723123551399098, 17.13482565034903, 13.670370235344429]","[10.65388925332468, 15.626025161068538, 19.159405899694363]",4
360,360,"[13.525962945746247, 14.519676507701174, 19.87211695274905]","[19.815004064883638, 10.035302085467494, 10.224278585338814]",4
361,361,"[15.61998156883823, 16.891868460174447, 14.419670377316521]","[18.02756554358902, 16.998297190278933, 11.204693923422672]",4
362,362,"[13.411173754298709, 11.644010983679841, 11.590855498955294]","[16.476060644017515, 16.783308648847406, 17.708552102097332]",4
363,363,"[15.760812202051628, 11.017185114945061, 12.492858187944705]","[13.155710149394709, 12.557265396646057, 16.727577071819475]",4
364,364,"[19.72626453856749, 12.333358130112178, 13.908878275306346]","[12.062745801007553, 12.32506807252076, 18.253387686003638]",4
365,365,"[10.216861407997122, 12.34664557766464, 10.191678090008743]","[11.907774810062516, 13.226209759009652, 11.322982837181337]",4
366,366,"[14.9326866170817, 11.634342250206513, 15.833905899437513]","[18.939402420753048, 17.59563503090873, 16.94866455810736]",4
367,367,"[17.898957827983608, 12.995971484866175, 11.85270894384578]","[12.066607127500518, 13.033091424693378, 15.295820041506932]",4
368,368,"[15.058485719825917, 11.622516061056414, 17.651716489796975]","[17.238188029649468, 12.660609526177687, 12.239906623901348]",4
369,369,"[19.583670959529936, 10.295076116854434, 18.086714039918935]","[19.68532507338938, 11.983664958987557, 14.69448143291478]",4
370,370,"[15.962552277480764, 19.684148744815037, 19.911526038191052]","[13.84058180889992, 12.306875651729637, 12.704999582796102]",4
371,371,"[16.724695891337525, 18.02099528922303, 14.765967606291547]","[12.143013820546823, 16.962194570529775, 13.114610802438786]",4
372,372,"[14.695210391665112, 11.90784004481232, 14.885418278802366]","[13.91881027456241, 14.578669203846413, 11.686295590200494]",4
373,373,"[12.000422938121122, 13.685493841017976, 14.94077245277999]","[15.596540771654954, 12.015208338143474, 14.798492170405446]",4
374,374,"[17.2025797997102, 14.809779965681741, 18.356202239131644]","[13.683294831394798, 17.53009884995526, 15.376091890406697]",4
375,375,"[14.012801152039808, 15.803890755889515, 14.587124532390046]","[18.372679051439118, 15.820618541209296, 10.540493791475487]",4
376,376,"[19.732675154406266, 11.615951281817887, 14.203328700337845]","[17.861034662641597, 12.610644063856107, 19.791969669338947]",4
377,377,"[12.771276473080295, 15.012266044476593, 13.010844668391194]","[10.501521421060207, 18.85313534122202, 16.845183688660814]",4
378,378,"[14.31789513527597, 14.642641911684354, 18.725245492699578]","[13.261178668569096, 14.345593643131531, 14.197140071685125]",4
379,379,"[17.864226947364905, 13.100134580085786, 17.733881020059332]","[15.131701923454624, 16.870750105521314, 15.62355915629271]",4
380,380,"[15.980173126157457, 11.404561620172164, 16.976856472895854]","[16.420541636287243, 15.513137126369168, 15.432050372108867]",4
381,381,"[15.025441892212733, 14.495603792131668, 11.0986180344485]","[16.06407465643273, 13.61481513100873, 16.893172151371452]",4
382,382,"[17.169632897893287, 15.772532457445472, 19.039774791882735]","[10.772180665080972, 11.670109425095937, 17.759733312792854]",4
383,383,"[17.350303804751334, 17.283349781753895, 13.810988350400129]","[11.622214539145412, 16.037441434631084, 19.71138206056443]",4
384,384,"[10.698007202302618, 12.835647435285116, 11.601072085470172]","[16.270626431512614, 16.53576777270868, 16.553950654870405]",4
385,385,"[11.271560228587722, 11.05381386726038, 18.86086994362506]","[18.933152844125978, 14.37289976569691, 14.969651135749414]",4
386,386,"[13.41668683250169, 14.330542425116665, 10.817089959251538]","[11.588373714468593, 13.501773676033196, 16.93740523411851]",4
387,387,"[18.17944027136997, 18.32950566903981, 14.976211374827148]","[13.30815246536567, 12.021637162960396, 18.300756327353685]",4
388,388,"[13.724615873030455, 14.875388899842829, 17.18899094042252]","[12.120633097423989, 10.693862190483514, 15.071412715473524]",4
389,389,"[18.692662507689136, 19.28568586899842, 15.435565734113274]","[11.769943339706359, 11.836626063170625, 12.595872453764827]",4
390,390,"[12.887506974900862, 13.16572495922323, 15.247118440418996]","[13.659293280423395, 12.685422067075141, 17.342166997700872]",4
391,391,"[13.339250236990722, 17.33188266549365, 19.248906659049762]","[10.701610449755062, 12.002357499867752, 11.72182460173863]",4
392,392,"[19.990716897539084, 18.135446196029225, 14.312683533381488]","[15.94114646432233, 12.782265947203815, 14.441967813397394]",4
393,393,"[19.756370609992445, 12.119230424934361, 14.587924450619703]","[16.06472020325237, 19.630589007010805, 15.279205872233861]",4
394,394,"[11.02455588795221, 15.084014565067223, 12.079609707300255]","[11.158125979625767, 18.704618069653016, 15.214037412224206]",4
395,395,"[16.53886245606221, 10.15073637403658, 14.187053511963395]","[15.510865578853338, 10.633889709153348, 19.752808052393014]",4
396,396,"[12.067321326590324, 19.393090735637998, 11.823445477036241]","[14.365172297651362, 17.865000457212034, 10.396024175056418]",4
397,397,"[18.707027778079212, 16.794849633747493, 10.803618403131885]","[18.548194656448004, 13.774948709578187, 19.083364075103347]",4
398,398,"[10.893682562824804, 17.0293514564284, 15.849526535041793]","[13.03733999683376, 14.312616629836299, 12.245988171241056]",4
399,399,"[12.480739707757172, 18.478802928123073, 10.545518130618142]","[13.396092707118363, 10.988527024920495, 13.69915138733916]",4
400,401,"[13.5062708144793, 13.61226209260644, 19.74697898991717]","[1.4307396806149955, 1.7874571633504583, 1.6635740772760734]",5
401,402,"[15.572484458834566, 12.45549361670284, 16.82027841080994]","[1.7131134535476744, 1.168415808704515, 1.8813888569467416]",5
402,403,"[14.069346582226299, 17.119045126414406, 12.00430362321756]","[1.2766291871282762, 1.277205623748821, 1.0568236215331859]",5
403,404,"[16.06736088067838, 13.627450512348751, 19.594426176728483]","[1.9447599808008271, 1.4979174974836047, 1.35342642699512]",5
404,405,"[13.258741191451373, 12.978863464704645, 16.570967533994658]","[1.752440875938845, 1.9880766114695085, 1.319455030986466]",5
405,406,"[17.65151713915578, 17.816358667687926, 15.259821349571768]","[1.7314678722000114, 1.911123960089573, 1.561151768359903]",5
406,407,"[18.8882573352195, 18.978543100851436, 17.037539860349682]","[1.5572548521218965, 1.5825223980877365, 1.141826427391956]",5
407,408,"[19.113796757958582, 12.50607863583249, 12.979262223964342]","[1.2118071624955298, 1.294906478489732, 1.4224327809920054]",5
408,409,"[13.654320929879301, 11.300706572665668, 17.680841493917598]","[1.5627329022152665, 1.8592832824104601, 1.3706631583554916]",5
409,410,"[19.118625255264007, 11.779387764645573, 19.399848121472978]","[1.205927904249183, 1.9425164919745923, 1.9921248017898217]",5
410,411,"[10.910524569836912, 18.756830658886358, 12.31131787939892]","[1.2223536799678765, 1.6303897043323106, 1.2078005167168406]",5
411,412,"[19.578020637719852, 13.65281032514438, 17.036470956893773]","[1.703492515543124, 1.7739458778055175, 1.2361103212037643]",5
412,413,"[19.03680967442056, 11.229372690784981, 15.623127123805384]","[1.8804056243139224, 1.2314225384614956, 1.8408690848185654]",5
413,414,"[13.787668240638567, 10.293517842853365, 10.858683968280427]","[1.3712614871186344, 1.8352926008039119, 1.0669674067067905]",5
414,415,"[17.085792539981604, 10.552279296780323, 18.077195005026983]","[1.8287416696853243, 1.883098254418718, 1.5760239320348763]",5
415,416,"[17.087420861814596, 17.592934596009098, 14.069832132995053]","[1.2622106500516717, 1.4124843756792198, 1.1856312917801226]",5
416,417,"[16.492814111127515, 17.420178639206583, 10.5780442005355]","[1.1888312685001232, 1.4166811362408986, 1.4134944923349915]",5
417,418,"[11.155981573863686, 15.310084857690544, 17.273113856668164]","[1.1331822363838764, 1.8654777749510507, 1.1810216844153487]",5
418,419,"[18.38131679408722, 16.839368391988682, 14.099984783615959]","[1.054330686300995, 1.9642573719013665, 1.6160597390484073]",5
419,420,"[19.464976474470696, 11.692597267970545, 14.374963369497753]","[1.848112953699551, 1.9179544359240854, 1.293441853704084]",5
420,421,"[14.791808168361673, 19.58082647845733, 19.437569478088573]","[1.1126667036709523, 1.220764272514205, 1.0059514209149654]",5
421,422,"[19.239381128731758, 13.3176696554028, 10.088355735349156]","[1.991612953047596, 1.6771619129029909, 1.3525254632016876]",5
422,423,"[14.88870224849968, 17.778372426627662, 17.9524487654097]","[1.699213976663573, 1.600087454507074, 1.9642828956083807]",5
423,424,"[19.428366104582224, 11.76854728804122, 15.11388958007933]","[1.2552104407060456, 1.266249423231597, 1.556386497192864]",5
424,425,"[15.012857145042407, 13.393205913414864, 16.88574981704723]","[1.9230618537417505, 1.6308670021250973, 1.7637102667050688]",5
425,426,"[12.123901223403813, 16.225942842404088, 14.511244567422834]","[1.4992255084087245, 1.5795530382313703, 1.6169513405121232]",5
426,427,"[10.639361465423995, 19.873858734922102, 12.068526764334575]","[1.2154716906580165, 1.7456323740967226, 1.0530246072508604]",5
427,428,"[17.105248807034275, 18.87163216157547, 17.00711374671001]","[1.632381254799179, 1.1970570472690176, 1.269259554285533]",5
428,429,"[15.710309504507425, 18.077873256659622, 14.694740387224062]","[1.0617814036660367, 1.5174108903486667, 1.8300050171490843]",5
429,430,"[14.794605633754397, 15.07167407021186, 16.913053904053044]","[1.33531813341385, 1.9691613109961554, 1.9825707062941686]",5
430,431,"[16.825130301219946, 15.341457463071185, 19.926890200087684]","[1.6012996607199208, 1.6627273663078759, 1.1211142240989411]",5
431,432,"[10.471972864126618, 14.197952054000307, 12.163386407117446]","[1.2852648488642122, 1.082256245096414, 1.7592185794860506]",5
432,433,"[10.134647117015254, 16.27127755293961, 18.423831103139115]","[1.5144922572506432, 1.4999210536027068, 1.0902093010017322]",5
433,434,"[14.984969583211589, 17.335782092302416, 18.46611142062967]","[1.1222199409839106, 1.5510958069385106, 1.3896925622983451]",5
434,435,"[15.151631441170759, 19.441791102586954, 15.274492220693313]","[1.257228853175656, 1.3210534255726751, 1.4159933985463273]",5
435,436,"[14.829233351918576, 14.872536365636705, 17.085268899697]","[1.0106872225637564, 1.3717293819099985, 1.3109733203851213]",5
436,437,"[16.069947593120077, 14.41242411698562, 13.113728798028687]","[1.3530265276848987, 1.39788847911039, 1.232452098804882]",5
437,438,"[15.187745871776535, 17.713683744428813, 14.919788629210856]","[1.5466935827736215, 1.052851758112479, 1.3170089842855968]",5
438,439,"[16.661694866469915, 10.108891081780772, 17.319379905883693]","[1.5109716941446543, 1.8251842585709785, 1.9197817154623302]",5
439,440,"[13.060042855548504, 19.375817602765828, 18.666388663098076]","[1.4802989327989673, 1.2721547005818064, 1.964381059241631]",5
440,441,"[12.990678632141726, 13.024367517555572, 12.167901266550068]","[1.909647216318977, 1.3224680468286256, 1.5456531270148592]",5
441,442,"[12.872929345002273, 10.404760932255082, 12.085293406833932]","[1.9440938513765997, 1.8293643485062647, 1.257881845044854]",5
442,443,"[16.340986476055768, 18.84408714488574, 14.11824826140718]","[1.8921931037159736, 1.010304978911389, 1.4617310636315735]",5
443,444,"[11.285535100033767, 17.028973411120884, 11.132836330235733]","[1.6511551287940005, 1.7576080406899082, 1.9098797329249737]",5
444,445,"[14.765890795077786, 17.830340718563967, 13.014992969530436]","[1.7980039545127386, 1.343205563563387, 1.5007099678327358]",5
445,446,"[18.65686676651383, 19.395899160498423, 16.22358439285507]","[1.523122209647723, 1.4750820233141806, 1.1291506050630953]",5
446,447,"[13.329576471619427, 12.412611475314595, 11.45686291022525]","[1.556817128736394, 1.1442276419832078, 1.0860814660520586]",5
447,448,"[16.92139435188971, 10.359456027520093, 17.67659244846742]","[1.3668362463545776, 1.7997579865738726, 1.3652019885602917]",5
448,449,"[13.427883107154859, 19.1939542207347, 16.97397678363774]","[1.3118152127795009, 1.431769561839493, 1.241384254687269]",5
449,450,"[18.816433940013745, 14.331598387503128, 19.574750419558086]","[1.9028988472408108, 1.2671490983232703, 1.4105255833540649]",5
450,451,"[16.783130038097127, 17.480292519136775, 10.837665099875533]","[1.8732835116791149, 1.330700323529233, 1.6808042471773286]",5
451,452,"[16.91620160587208, 18.852939752183406, 11.188295748282593]","[1.630905101299951, 1.6182309946617441, 1.1060652383393776]",5
452,453,"[16.95714595643875, 14.116382471774031, 14.105865250035258]","[1.7077358561155052, 1.1413931309433532, 1.173698875081258]",5
453,454,"[13.109749989005564, 16.011644936076635, 15.651436667411412]","[1.9526965930954931, 1.0988766373502203, 1.9020179690396017]",5
454,455,"[12.127601133580423, 14.514295074909379, 14.255173110693182]","[1.8133193285457918, 1.4566499080190318, 1.0724497970611289]",5
455,456,"[19.694643476466627, 10.553957516183015, 14.088265620641511]","[1.8006826128789515, 1.2861923140172735, 1.1459819151138273]",5
456,457,"[15.329127301957985, 11.887258761413534, 19.23739358486558]","[1.2323546552595932, 1.820367448548997, 1.7016351131966496]",5
457,458,"[12.065771839836351, 12.310607181295268, 14.681117900636469]","[1.500615139438608, 1.0556033019911133, 1.5077367851048291]",5
458,459,"[15.80465928368479, 13.222332772292898, 13.774887417374561]","[1.441005701681756, 1.9947868555506192, 1.6791076601891777]",5
459,460,"[10.532307494473972, 14.99164001567485, 17.21433419667487]","[1.4208785666045134, 1.8174913331004288, 1.2025052156012148]",5
460,461,"[15.538727420820585, 17.249575878369438, 11.282322509437853]","[1.2092348163391358, 1.4847977046570384, 1.5306100461178822]",5
461,462,"[13.861985838660074, 10.40000218031961, 19.12292313576534]","[1.1908058145293738, 1.21242122961332, 1.7755595433592843]",5
462,463,"[10.117573361756367, 16.169675106833058, 19.296839002766905]","[1.1445907193091411, 1.0331811728051465, 1.910930641760817]",5
463,464,"[16.624470079869624, 16.049719493813086, 11.820836756459187]","[1.8068194003479023, 1.486996595030046, 1.8316770811613026]",5
464,465,"[13.756444849123625, 13.26750731708734, 18.915869111893016]","[1.443836248408264, 1.2438932205977806, 1.013867033166042]",5
465,466,"[14.548478114918868, 16.344345115958607, 10.430989107170362]","[1.4596387030750897, 1.7095867190061806, 1.1953653640915909]",5
466,467,"[13.538348954264505, 11.64494075399888, 17.650964725824917]","[1.9361855527697227, 1.7594609252267583, 1.6802960735046222]",5
467,468,"[19.82802266793148, 11.478047912262543, 15.163064855560823]","[1.9054175020020678, 1.8170866034391167, 1.6805141725293762]",5
468,469,"[11.122351102947308, 12.417965096112537, 14.653298868892168]","[1.344463848026403, 1.3637932784389595, 1.6697557337777145]",5
469,470,"[15.294396130548293, 10.622900341192565, 18.434272772824038]","[1.3069368931991745, 1.6804498326782413, 1.7139215823112108]",5
470,471,"[15.932107982975198, 19.93568988867363, 13.893648513249435]","[1.066573275508559, 1.082978694968133, 1.1028265969231872]",5
471,472,"[13.994974337079665, 10.480235220880754, 19.183097298536687]","[1.5835407323236794, 1.1176340145628867, 1.1096797415614166]",5
472,473,"[15.787142746049787, 12.675011413484008, 18.41996303047715]","[1.9969955143593454, 1.5374780860284818, 1.958057887110027]",5
473,474,"[12.709325816095404, 17.03034020240095, 17.825006381012187]","[1.7743633926328592, 1.6638709758524706, 1.8258985993987487]",5
474,475,"[12.998760228439455, 10.653855292196042, 17.47207117628883]","[1.0642427986944045, 1.23430391380532, 1.6744564254975867]",5
475,476,"[16.475593043721673, 19.12546452004348, 18.39427459466133]","[1.7652494880844936, 1.3759217399330699, 1.2870626410357544]",5
476,477,"[16.641856709951366, 18.471469305981962, 16.96655028779902]","[1.3343358740604878, 1.5136285757874663, 1.8419925376804902]",5
477,478,"[10.882488701616776, 11.681469118548698, 13.352343750977195]","[1.7247198288512267, 1.412536478359512, 1.7940139954717602]",5
478,479,"[16.98453179650231, 11.280006021063913, 13.138944208627015]","[1.6424860000706007, 1.26543664208914, 1.7022856826691342]",5
479,480,"[19.042436793575668, 15.0784769735443, 12.594585383558831]","[1.3818119290330602, 1.1011614024298875, 1.528630211700399]",5
480,481,"[14.025077301713987, 15.971362768268962, 11.406182603622835]","[1.0905023853223434, 1.4882505706925975, 1.0469507415336412]",5
481,482,"[15.148804739208806, 12.194163632161802, 14.267577333153271]","[1.5543918258019849, 1.5897504366366397, 1.3940948172392238]",5
482,483,"[10.541836944326093, 15.953959730130762, 12.689011234860786]","[1.070818353928774, 1.0054153780328208, 1.112449662598178]",5
483,484,"[11.593024803621462, 10.899967583730454, 17.557165504387328]","[1.5740407789659177, 1.7046390581488762, 1.6306922468834726]",5
484,485,"[14.693470994174213, 15.10718491994156, 16.3332314227803]","[1.3003757139731116, 1.0462732677966882, 1.3612684377738389]",5
485,486,"[17.42848905172609, 12.043534764968019, 15.318975798276668]","[1.8010696179566015, 1.9130670592380388, 1.7224336242696245]",5
486,487,"[11.737464100110286, 17.067693100497472, 11.350079878223502]","[1.5340147546299687, 1.9662568833687266, 1.1315260740381754]",5
487,488,"[16.62394131326698, 13.099176655156732, 10.174686574611869]","[1.734402970656562, 1.793430320531562, 1.6861406834375914]",5
488,489,"[12.262038479813109, 11.820518581871813, 17.101004106441184]","[1.0857675950185848, 1.8515851137184112, 1.1919982654343357]",5
489,490,"[12.121387064516714, 19.39728356982656, 16.440517217421515]","[1.7876946640692002, 1.2526282633345134, 1.8745025611317698]",5
490,491,"[19.82931093681185, 19.012768492286384, 12.501074035661562]","[1.2976347430414992, 1.2581291778694905, 1.0197849250259714]",5
491,492,"[17.342532295595603, 18.70563825386609, 10.803645619354889]","[1.7120793749152141, 1.5353536720931984, 1.6525075486290062]",5
492,493,"[10.439936908853863, 12.964811280114585, 19.390994545778074]","[1.7475385040516924, 1.739189031035044, 1.9346263709001847]",5
493,494,"[17.541826496542747, 14.664015093087409, 17.541133690721693]","[1.8622883483580281, 1.3167032430801124, 1.6417910249971104]",5
494,495,"[16.274049630969564, 11.181755397813673, 18.437081831325983]","[1.209460298455408, 1.4462761300879838, 1.2560959757249819]",5
495,496,"[13.08264515930107, 18.639785038714592, 10.759210342597825]","[1.4786064131238916, 1.3255281628872502, 1.5266352019807818]",5
496,497,"[17.290456425130877, 17.30572960412234, 15.837905051549884]","[1.780420182180837, 1.0606994861889802, 1.1209148420163764]",5
497,498,"[14.303103632369464, 14.092349419729644, 11.794138695350313]","[1.7206682893135004, 1.4923096654349064, 1.3998222329379144]",5
498,499,"[16.318296212126235, 18.449530749584653, 13.11234068816872]","[1.902040115083261, 1.5411958179593526, 1.0128068924427867]",5
